{
  "os": "Windows-10-10.0.19045-SP0",
  "python": "CPython 3.13.3",
  "startedAt": "2025-05-09T22:16:13.957649Z",
  "args": [
    "--c",
    "configs/dataset_OGS_v0.yaml"
  ],
  "program": "C:\\Users\\Terry\\Desktop\\Code minimal OGS\\main.py",
  "codePath": "main.py",
  "root": "C:\\Users\\Terry\\Desktop\\Code minimal OGS",
  "host": "DESKTOP-L3SMPHO",
  "executable": "C:\\Users\\Terry\\AppData\\Local\\Programs\\Python\\Python313\\python.exe",
  "codePathLocal": "main.py",
  "cpu_count": 16,
  "cpu_count_logical": 24,
  "gpu": "NVIDIA GeForce RTX 2070 SUPER",
  "gpu_count": 1,
  "disk": {
    "/": {
      "total": "999493066752",
      "used": "574755446784"
    }
  },
  "memory": {
    "total": "34112311296"
  },
  "cpu": {
    "count": 16,
    "countLogical": 24
  },
  "gpu_nvidia": [
    {
      "name": "NVIDIA GeForce RTX 2070 SUPER",
      "memoryTotal": "8589934592",
      "cudaCores": 2560,
      "architecture": "Turing"
    }
  ],
  "cudaVersion": "12.6"
}